"","Variable","mean","2.5%","97.5%","n.eff","Model","Data_SD"
"b","Year",-0.929980037705961,-1.68538185370208,-0.116646333555409,3200,"P2",10.8358831060925
"bspp[1]","Year",-0.532142168483166,-1.17736634719352,0.122361035767809,1200,"P3",7.10091024424806
"bspp[2]","Year",-0.54427839748944,-1.23961658416111,0.156724781508684,1900,"P3",7.79888308958126
"bspp[3]","Year",-0.743771404380107,-1.50014923635987,0.00783076576923721,940,"P3",10.986972651189
"b1","Year",-0.727823973265022,-1.53355413272887,0.0832997194234089,6000,"P5",11.5091531273583
"slopeDiff","Year",0.208400111601433,-0.904661856297746,1.3270251331035,9400,"P2P5",13.1689151052332
